/home/pi/Desktop/bakal/IMG/1_283.0.jpg,283.0
/home/pi/Desktop/bakal/IMG/2_285.0.jpg,285.0
/home/pi/Desktop/bakal/IMG/3_284.0.jpg,284.0
/home/pi/Desktop/bakal/IMG/4_283.0.jpg,283.0
/home/pi/Desktop/bakal/IMG/5_281.0.jpg,281.0
/home/pi/Desktop/bakal/IMG/6_283.0.jpg,283.0
/home/pi/Desktop/bakal/IMG/7_284.0.jpg,284.0
/home/pi/Desktop/bakal/IMG/8_283.0.jpg,283.0
/home/pi/Desktop/bakal/IMG/9_283.0.jpg,283.0
/home/pi/Desktop/bakal/IMG/10_282.0.jpg,282.0
/home/pi/Desktop/bakal/IMG/11_283.0.jpg,283.0
/home/pi/Desktop/bakal/IMG/12_285.0.jpg,285.0
/home/pi/Desktop/bakal/IMG/13_282.0.jpg,282.0
/home/pi/Desktop/bakal/IMG/14_282.0.jpg,282.0
/home/pi/Desktop/bakal/IMG/15_282.0.jpg,282.0
/home/pi/Desktop/bakal/IMG/16_283.0.jpg,283.0
/home/pi/Desktop/bakal/IMG/17_290.0.jpg,290.0
/home/pi/Desktop/bakal/IMG/18_283.0.jpg,283.0
/home/pi/Desktop/bakal/IMG/19_282.0.jpg,282.0
/home/pi/Desktop/bakal/IMG/20_281.0.jpg,281.0
/home/pi/Desktop/bakal/IMG/21_283.0.jpg,283.0
/home/pi/Desktop/bakal/IMG/22_291.0.jpg,291.0
/home/pi/Desktop/bakal/IMG/23_283.0.jpg,283.0
/home/pi/Desktop/bakal/IMG/24_283.0.jpg,283.0
/home/pi/Desktop/bakal/IMG/25_281.0.jpg,281.0
/home/pi/Desktop/bakal/IMG/26_283.0.jpg,283.0
/home/pi/Desktop/bakal/IMG/27_282.0.jpg,282.0
/home/pi/Desktop/bakal/IMG/28_282.0.jpg,282.0
/home/pi/Desktop/bakal/IMG/29_282.0.jpg,282.0
/home/pi/Desktop/bakal/IMG/30_251.0.jpg,251.0
/home/pi/Desktop/bakal/IMG/31_10.0.jpg,10.0
/home/pi/Desktop/bakal/IMG/32_106.0.jpg,106.0
/home/pi/Desktop/bakal/IMG/33_686.0.jpg,686.0
/home/pi/Desktop/bakal/IMG/34_931.0.jpg,931.0
/home/pi/Desktop/bakal/IMG/35_970.0.jpg,970.0
/home/pi/Desktop/bakal/IMG/36_970.0.jpg,970.0
/home/pi/Desktop/bakal/IMG/37_968.0.jpg,968.0
/home/pi/Desktop/bakal/IMG/38_970.0.jpg,970.0
/home/pi/Desktop/bakal/IMG/39_1023.0.jpg,1023.0
/home/pi/Desktop/bakal/IMG/40_680.0.jpg,680.0
/home/pi/Desktop/bakal/IMG/41_290.0.jpg,290.0
/home/pi/Desktop/bakal/IMG/42_155.0.jpg,155.0
/home/pi/Desktop/bakal/IMG/43_50.0.jpg,50.0
/home/pi/Desktop/bakal/IMG/44_103.0.jpg,103.0
/home/pi/Desktop/bakal/IMG/45_208.0.jpg,208.0
/home/pi/Desktop/bakal/IMG/46_477.0.jpg,477.0
/home/pi/Desktop/bakal/IMG/47_617.0.jpg,617.0
/home/pi/Desktop/bakal/IMG/48_741.0.jpg,741.0
/home/pi/Desktop/bakal/IMG/49_815.0.jpg,815.0
/home/pi/Desktop/bakal/IMG/50_730.0.jpg,730.0
/home/pi/Desktop/bakal/IMG/51_561.0.jpg,561.0
/home/pi/Desktop/bakal/IMG/52_562.0.jpg,562.0
/home/pi/Desktop/bakal/IMG/53_545.0.jpg,545.0
/home/pi/Desktop/bakal/IMG/54_468.0.jpg,468.0
/home/pi/Desktop/bakal/IMG/55_443.0.jpg,443.0
/home/pi/Desktop/bakal/IMG/56_360.0.jpg,360.0
/home/pi/Desktop/bakal/IMG/57_230.0.jpg,230.0
/home/pi/Desktop/bakal/IMG/58_241.0.jpg,241.0
/home/pi/Desktop/bakal/IMG/59_335.0.jpg,335.0
/home/pi/Desktop/bakal/IMG/60_424.0.jpg,424.0
/home/pi/Desktop/bakal/IMG/61_437.0.jpg,437.0
/home/pi/Desktop/bakal/IMG/62_425.0.jpg,425.0
/home/pi/Desktop/bakal/IMG/63_704.0.jpg,704.0
/home/pi/Desktop/bakal/IMG/64_838.0.jpg,838.0
/home/pi/Desktop/bakal/IMG/65_853.0.jpg,853.0
/home/pi/Desktop/bakal/IMG/66_544.0.jpg,544.0
/home/pi/Desktop/bakal/IMG/67_658.0.jpg,658.0
/home/pi/Desktop/bakal/IMG/68_830.0.jpg,830.0
/home/pi/Desktop/bakal/IMG/69_893.0.jpg,893.0
/home/pi/Desktop/bakal/IMG/70_755.0.jpg,755.0
/home/pi/Desktop/bakal/IMG/71_315.0.jpg,315.0
/home/pi/Desktop/bakal/IMG/72_72.0.jpg,72.0
/home/pi/Desktop/bakal/IMG/73_67.0.jpg,67.0
/home/pi/Desktop/bakal/IMG/74_515.0.jpg,515.0
/home/pi/Desktop/bakal/IMG/75_684.0.jpg,684.0
/home/pi/Desktop/bakal/IMG/76_797.0.jpg,797.0
/home/pi/Desktop/bakal/IMG/77_883.0.jpg,883.0
/home/pi/Desktop/bakal/IMG/78_884.0.jpg,884.0
/home/pi/Desktop/bakal/IMG/79_878.0.jpg,878.0
/home/pi/Desktop/bakal/IMG/80_879.0.jpg,879.0
/home/pi/Desktop/bakal/IMG/81_878.0.jpg,878.0
/home/pi/Desktop/bakal/IMG/82_878.0.jpg,878.0
/home/pi/Desktop/bakal/IMG/83_879.0.jpg,879.0
/home/pi/Desktop/bakal/IMG/84_878.0.jpg,878.0
/home/pi/Desktop/bakal/IMG/85_878.0.jpg,878.0
/home/pi/Desktop/bakal/IMG/86_878.0.jpg,878.0
/home/pi/Desktop/bakal/IMG/87_878.0.jpg,878.0
/home/pi/Desktop/bakal/IMG/88_878.0.jpg,878.0
/home/pi/Desktop/bakal/IMG/89_878.0.jpg,878.0
/home/pi/Desktop/bakal/IMG/90_880.0.jpg,880.0
/home/pi/Desktop/bakal/IMG/91_882.0.jpg,882.0
/home/pi/Desktop/bakal/IMG/92_880.0.jpg,880.0
/home/pi/Desktop/bakal/IMG/93_876.0.jpg,876.0
/home/pi/Desktop/bakal/IMG/94_880.0.jpg,880.0
/home/pi/Desktop/bakal/IMG/95_880.0.jpg,880.0
/home/pi/Desktop/bakal/IMG/96_883.0.jpg,883.0
/home/pi/Desktop/bakal/IMG/97_880.0.jpg,880.0
/home/pi/Desktop/bakal/IMG/98_867.0.jpg,867.0
/home/pi/Desktop/bakal/IMG/99_879.0.jpg,879.0
/home/pi/Desktop/bakal/IMG/100_781.0.jpg,781.0
/home/pi/Desktop/bakal/IMG/101_779.0.jpg,779.0
/home/pi/Desktop/bakal/IMG/102_783.0.jpg,783.0
/home/pi/Desktop/bakal/IMG/103_783.0.jpg,783.0
/home/pi/Desktop/bakal/IMG/104_785.0.jpg,785.0
/home/pi/Desktop/bakal/IMG/105_783.0.jpg,783.0
/home/pi/Desktop/bakal/IMG/106_779.0.jpg,779.0
/home/pi/Desktop/bakal/IMG/107_782.0.jpg,782.0
/home/pi/Desktop/bakal/IMG/108_782.0.jpg,782.0
/home/pi/Desktop/bakal/IMG/109_785.0.jpg,785.0
/home/pi/Desktop/bakal/IMG/110_783.0.jpg,783.0
/home/pi/Desktop/bakal/IMG/111_773.0.jpg,773.0
/home/pi/Desktop/bakal/IMG/112_783.0.jpg,783.0
/home/pi/Desktop/bakal/IMG/113_782.0.jpg,782.0
/home/pi/Desktop/bakal/IMG/114_791.0.jpg,791.0
/home/pi/Desktop/bakal/IMG/115_782.0.jpg,782.0
/home/pi/Desktop/bakal/IMG/116_776.0.jpg,776.0
/home/pi/Desktop/bakal/IMG/117_783.0.jpg,783.0
/home/pi/Desktop/bakal/IMG/118_783.0.jpg,783.0
/home/pi/Desktop/bakal/IMG/119_789.0.jpg,789.0
/home/pi/Desktop/bakal/IMG/120_782.0.jpg,782.0
/home/pi/Desktop/bakal/IMG/121_782.0.jpg,782.0
/home/pi/Desktop/bakal/IMG/122_783.0.jpg,783.0
/home/pi/Desktop/bakal/IMG/123_783.0.jpg,783.0
/home/pi/Desktop/bakal/IMG/124_781.0.jpg,781.0
/home/pi/Desktop/bakal/IMG/125_783.0.jpg,783.0
/home/pi/Desktop/bakal/IMG/126_782.0.jpg,782.0
/home/pi/Desktop/bakal/IMG/127_783.0.jpg,783.0
/home/pi/Desktop/bakal/IMG/128_782.0.jpg,782.0
/home/pi/Desktop/bakal/IMG/129_780.0.jpg,780.0
/home/pi/Desktop/bakal/IMG/130_782.0.jpg,782.0
/home/pi/Desktop/bakal/IMG/131_783.0.jpg,783.0
/home/pi/Desktop/bakal/IMG/132_783.0.jpg,783.0
/home/pi/Desktop/bakal/IMG/133_783.0.jpg,783.0
/home/pi/Desktop/bakal/IMG/134_779.0.jpg,779.0
/home/pi/Desktop/bakal/IMG/135_783.0.jpg,783.0
/home/pi/Desktop/bakal/IMG/136_782.0.jpg,782.0
/home/pi/Desktop/bakal/IMG/137_784.0.jpg,784.0
/home/pi/Desktop/bakal/IMG/138_781.0.jpg,781.0
/home/pi/Desktop/bakal/IMG/139_781.0.jpg,781.0
/home/pi/Desktop/bakal/IMG/140_781.0.jpg,781.0
/home/pi/Desktop/bakal/IMG/141_879.0.jpg,879.0
/home/pi/Desktop/bakal/IMG/142_1023.0.jpg,1023.0
/home/pi/Desktop/bakal/IMG/143_296.0.jpg,296.0
/home/pi/Desktop/bakal/IMG/144_116.0.jpg,116.0
/home/pi/Desktop/bakal/IMG/145_20.0.jpg,20.0
/home/pi/Desktop/bakal/IMG/146_81.0.jpg,81.0
/home/pi/Desktop/bakal/IMG/147_358.0.jpg,358.0
/home/pi/Desktop/bakal/IMG/148_658.0.jpg,658.0
/home/pi/Desktop/bakal/IMG/149_872.0.jpg,872.0
/home/pi/Desktop/bakal/IMG/150_986.0.jpg,986.0
/home/pi/Desktop/bakal/IMG/151_989.0.jpg,989.0
/home/pi/Desktop/bakal/IMG/152_886.0.jpg,886.0
/home/pi/Desktop/bakal/IMG/153_597.0.jpg,597.0
/home/pi/Desktop/bakal/IMG/154_346.0.jpg,346.0
/home/pi/Desktop/bakal/IMG/155_197.0.jpg,197.0
/home/pi/Desktop/bakal/IMG/156_110.0.jpg,110.0
/home/pi/Desktop/bakal/IMG/157_29.0.jpg,29.0
/home/pi/Desktop/bakal/IMG/158_0.0.jpg,0.0
/home/pi/Desktop/bakal/IMG/159_0.0.jpg,0.0
/home/pi/Desktop/bakal/IMG/160_89.0.jpg,89.0
/home/pi/Desktop/bakal/IMG/161_393.0.jpg,393.0
/home/pi/Desktop/bakal/IMG/162_826.0.jpg,826.0
/home/pi/Desktop/bakal/IMG/163_1023.0.jpg,1023.0
/home/pi/Desktop/bakal/IMG/164_1023.0.jpg,1023.0
/home/pi/Desktop/bakal/IMG/165_1009.0.jpg,1009.0
/home/pi/Desktop/bakal/IMG/166_718.0.jpg,718.0
/home/pi/Desktop/bakal/IMG/167_580.0.jpg,580.0
/home/pi/Desktop/bakal/IMG/168_496.0.jpg,496.0
/home/pi/Desktop/bakal/IMG/169_766.0.jpg,766.0
/home/pi/Desktop/bakal/IMG/170_766.0.jpg,766.0
/home/pi/Desktop/bakal/IMG/171_728.0.jpg,728.0
/home/pi/Desktop/bakal/IMG/172_688.0.jpg,688.0
/home/pi/Desktop/bakal/IMG/173_398.0.jpg,398.0
/home/pi/Desktop/bakal/IMG/174_277.0.jpg,277.0
/home/pi/Desktop/bakal/IMG/175_110.0.jpg,110.0
/home/pi/Desktop/bakal/IMG/176_489.0.jpg,489.0
/home/pi/Desktop/bakal/IMG/177_734.0.jpg,734.0
/home/pi/Desktop/bakal/IMG/178_844.0.jpg,844.0
/home/pi/Desktop/bakal/IMG/179_899.0.jpg,899.0
/home/pi/Desktop/bakal/IMG/180_939.0.jpg,939.0
/home/pi/Desktop/bakal/IMG/181_638.0.jpg,638.0
/home/pi/Desktop/bakal/IMG/182_585.0.jpg,585.0
/home/pi/Desktop/bakal/IMG/183_584.0.jpg,584.0
/home/pi/Desktop/bakal/IMG/184_585.0.jpg,585.0
/home/pi/Desktop/bakal/IMG/185_585.0.jpg,585.0
/home/pi/Desktop/bakal/IMG/186_585.0.jpg,585.0
/home/pi/Desktop/bakal/IMG/187_585.0.jpg,585.0
/home/pi/Desktop/bakal/IMG/188_584.0.jpg,584.0
/home/pi/Desktop/bakal/IMG/189_585.0.jpg,585.0
/home/pi/Desktop/bakal/IMG/190_585.0.jpg,585.0
/home/pi/Desktop/bakal/IMG/191_585.0.jpg,585.0
/home/pi/Desktop/bakal/IMG/192_585.0.jpg,585.0
/home/pi/Desktop/bakal/IMG/193_584.0.jpg,584.0
/home/pi/Desktop/bakal/IMG/194_585.0.jpg,585.0
/home/pi/Desktop/bakal/IMG/195_585.0.jpg,585.0
/home/pi/Desktop/bakal/IMG/196_585.0.jpg,585.0
/home/pi/Desktop/bakal/IMG/197_585.0.jpg,585.0
/home/pi/Desktop/bakal/IMG/198_585.0.jpg,585.0
/home/pi/Desktop/bakal/IMG/199_585.0.jpg,585.0
/home/pi/Desktop/bakal/IMG/200_586.0.jpg,586.0
/home/pi/Desktop/bakal/IMG/201_585.0.jpg,585.0
/home/pi/Desktop/bakal/IMG/202_585.0.jpg,585.0
/home/pi/Desktop/bakal/IMG/203_585.0.jpg,585.0
/home/pi/Desktop/bakal/IMG/204_585.0.jpg,585.0
/home/pi/Desktop/bakal/IMG/205_585.0.jpg,585.0
/home/pi/Desktop/bakal/IMG/206_810.0.jpg,810.0
/home/pi/Desktop/bakal/IMG/207_827.0.jpg,827.0
/home/pi/Desktop/bakal/IMG/208_333.0.jpg,333.0
/home/pi/Desktop/bakal/IMG/209_102.0.jpg,102.0
/home/pi/Desktop/bakal/IMG/210_0.0.jpg,0.0
/home/pi/Desktop/bakal/IMG/211_0.0.jpg,0.0
/home/pi/Desktop/bakal/IMG/212_139.0.jpg,139.0
/home/pi/Desktop/bakal/IMG/213_334.0.jpg,334.0
/home/pi/Desktop/bakal/IMG/214_622.0.jpg,622.0
/home/pi/Desktop/bakal/IMG/215_890.0.jpg,890.0
/home/pi/Desktop/bakal/IMG/216_1011.0.jpg,1011.0
/home/pi/Desktop/bakal/IMG/217_963.0.jpg,963.0
/home/pi/Desktop/bakal/IMG/218_770.0.jpg,770.0
/home/pi/Desktop/bakal/IMG/219_840.0.jpg,840.0
/home/pi/Desktop/bakal/IMG/220_1023.0.jpg,1023.0
/home/pi/Desktop/bakal/IMG/221_861.0.jpg,861.0
/home/pi/Desktop/bakal/IMG/222_692.0.jpg,692.0
/home/pi/Desktop/bakal/IMG/223_509.0.jpg,509.0
/home/pi/Desktop/bakal/IMG/224_308.0.jpg,308.0
/home/pi/Desktop/bakal/IMG/225_106.0.jpg,106.0
/home/pi/Desktop/bakal/IMG/226_0.0.jpg,0.0
/home/pi/Desktop/bakal/IMG/227_176.0.jpg,176.0
/home/pi/Desktop/bakal/IMG/228_423.0.jpg,423.0
/home/pi/Desktop/bakal/IMG/229_539.0.jpg,539.0
/home/pi/Desktop/bakal/IMG/230_679.0.jpg,679.0
/home/pi/Desktop/bakal/IMG/231_783.0.jpg,783.0
/home/pi/Desktop/bakal/IMG/232_861.0.jpg,861.0
/home/pi/Desktop/bakal/IMG/233_871.0.jpg,871.0
/home/pi/Desktop/bakal/IMG/234_719.0.jpg,719.0
/home/pi/Desktop/bakal/IMG/235_568.0.jpg,568.0
/home/pi/Desktop/bakal/IMG/236_488.0.jpg,488.0
/home/pi/Desktop/bakal/IMG/237_375.0.jpg,375.0
/home/pi/Desktop/bakal/IMG/238_230.0.jpg,230.0
/home/pi/Desktop/bakal/IMG/239_90.0.jpg,90.0
/home/pi/Desktop/bakal/IMG/240_66.0.jpg,66.0
/home/pi/Desktop/bakal/IMG/241_245.0.jpg,245.0
/home/pi/Desktop/bakal/IMG/242_423.0.jpg,423.0
/home/pi/Desktop/bakal/IMG/243_567.0.jpg,567.0
/home/pi/Desktop/bakal/IMG/244_705.0.jpg,705.0
/home/pi/Desktop/bakal/IMG/245_763.0.jpg,763.0
/home/pi/Desktop/bakal/IMG/246_841.0.jpg,841.0
/home/pi/Desktop/bakal/IMG/247_967.0.jpg,967.0
/home/pi/Desktop/bakal/IMG/248_1023.0.jpg,1023.0
/home/pi/Desktop/bakal/IMG/249_1023.0.jpg,1023.0
/home/pi/Desktop/bakal/IMG/250_978.0.jpg,978.0
/home/pi/Desktop/bakal/IMG/251_975.0.jpg,975.0
/home/pi/Desktop/bakal/IMG/252_883.0.jpg,883.0
/home/pi/Desktop/bakal/IMG/253_689.0.jpg,689.0
/home/pi/Desktop/bakal/IMG/254_396.0.jpg,396.0
/home/pi/Desktop/bakal/IMG/255_258.0.jpg,258.0
/home/pi/Desktop/bakal/IMG/256_248.0.jpg,248.0
/home/pi/Desktop/bakal/IMG/257_555.0.jpg,555.0
/home/pi/Desktop/bakal/IMG/258_555.0.jpg,555.0
/home/pi/Desktop/bakal/IMG/259_555.0.jpg,555.0
/home/pi/Desktop/bakal/IMG/260_555.0.jpg,555.0
/home/pi/Desktop/bakal/IMG/261_555.0.jpg,555.0
/home/pi/Desktop/bakal/IMG/262_555.0.jpg,555.0
/home/pi/Desktop/bakal/IMG/263_555.0.jpg,555.0
/home/pi/Desktop/bakal/IMG/264_554.0.jpg,554.0
/home/pi/Desktop/bakal/IMG/265_555.0.jpg,555.0
/home/pi/Desktop/bakal/IMG/266_555.0.jpg,555.0
/home/pi/Desktop/bakal/IMG/267_555.0.jpg,555.0
/home/pi/Desktop/bakal/IMG/268_555.0.jpg,555.0
/home/pi/Desktop/bakal/IMG/269_555.0.jpg,555.0
/home/pi/Desktop/bakal/IMG/270_555.0.jpg,555.0
/home/pi/Desktop/bakal/IMG/271_555.0.jpg,555.0
/home/pi/Desktop/bakal/IMG/272_555.0.jpg,555.0
/home/pi/Desktop/bakal/IMG/273_555.0.jpg,555.0
/home/pi/Desktop/bakal/IMG/274_554.0.jpg,554.0
/home/pi/Desktop/bakal/IMG/275_460.0.jpg,460.0
/home/pi/Desktop/bakal/IMG/276_520.0.jpg,520.0
/home/pi/Desktop/bakal/IMG/277_1023.0.jpg,1023.0
/home/pi/Desktop/bakal/IMG/278_694.0.jpg,694.0
/home/pi/Desktop/bakal/IMG/279_450.0.jpg,450.0
/home/pi/Desktop/bakal/IMG/280_176.0.jpg,176.0
/home/pi/Desktop/bakal/IMG/281_0.0.jpg,0.0
/home/pi/Desktop/bakal/IMG/282_207.0.jpg,207.0
/home/pi/Desktop/bakal/IMG/283_608.0.jpg,608.0
/home/pi/Desktop/bakal/IMG/284_886.0.jpg,886.0
/home/pi/Desktop/bakal/IMG/285_1007.0.jpg,1007.0
/home/pi/Desktop/bakal/IMG/286_990.0.jpg,990.0
/home/pi/Desktop/bakal/IMG/287_983.0.jpg,983.0
/home/pi/Desktop/bakal/IMG/288_1001.0.jpg,1001.0
/home/pi/Desktop/bakal/IMG/289_1023.0.jpg,1023.0
/home/pi/Desktop/bakal/IMG/290_655.0.jpg,655.0
/home/pi/Desktop/bakal/IMG/291_355.0.jpg,355.0
/home/pi/Desktop/bakal/IMG/292_129.0.jpg,129.0
/home/pi/Desktop/bakal/IMG/293_0.0.jpg,0.0
/home/pi/Desktop/bakal/IMG/294_453.0.jpg,453.0
/home/pi/Desktop/bakal/IMG/295_697.0.jpg,697.0
/home/pi/Desktop/bakal/IMG/296_984.0.jpg,984.0
/home/pi/Desktop/bakal/IMG/297_1023.0.jpg,1023.0
/home/pi/Desktop/bakal/IMG/298_1023.0.jpg,1023.0
/home/pi/Desktop/bakal/IMG/299_1023.0.jpg,1023.0
/home/pi/Desktop/bakal/IMG/300_1023.0.jpg,1023.0
/home/pi/Desktop/bakal/IMG/301_1023.0.jpg,1023.0
/home/pi/Desktop/bakal/IMG/302_1023.0.jpg,1023.0
/home/pi/Desktop/bakal/IMG/303_1023.0.jpg,1023.0
/home/pi/Desktop/bakal/IMG/304_1023.0.jpg,1023.0
/home/pi/Desktop/bakal/IMG/305_1023.0.jpg,1023.0
/home/pi/Desktop/bakal/IMG/306_872.0.jpg,872.0
/home/pi/Desktop/bakal/IMG/307_482.0.jpg,482.0
/home/pi/Desktop/bakal/IMG/308_219.0.jpg,219.0
/home/pi/Desktop/bakal/IMG/309_0.0.jpg,0.0
/home/pi/Desktop/bakal/IMG/310_0.0.jpg,0.0
/home/pi/Desktop/bakal/IMG/311_245.0.jpg,245.0
/home/pi/Desktop/bakal/IMG/312_583.0.jpg,583.0
/home/pi/Desktop/bakal/IMG/313_704.0.jpg,704.0
/home/pi/Desktop/bakal/IMG/314_800.0.jpg,800.0
/home/pi/Desktop/bakal/IMG/315_1000.0.jpg,1000.0
/home/pi/Desktop/bakal/IMG/316_1023.0.jpg,1023.0
/home/pi/Desktop/bakal/IMG/317_1023.0.jpg,1023.0
/home/pi/Desktop/bakal/IMG/318_1023.0.jpg,1023.0
/home/pi/Desktop/bakal/IMG/319_1023.0.jpg,1023.0
/home/pi/Desktop/bakal/IMG/320_1023.0.jpg,1023.0
/home/pi/Desktop/bakal/IMG/321_1023.0.jpg,1023.0
/home/pi/Desktop/bakal/IMG/322_1023.0.jpg,1023.0
/home/pi/Desktop/bakal/IMG/323_1023.0.jpg,1023.0
/home/pi/Desktop/bakal/IMG/324_1023.0.jpg,1023.0
/home/pi/Desktop/bakal/IMG/325_693.0.jpg,693.0
/home/pi/Desktop/bakal/IMG/326_328.0.jpg,328.0
/home/pi/Desktop/bakal/IMG/327_328.0.jpg,328.0
/home/pi/Desktop/bakal/IMG/328_328.0.jpg,328.0
/home/pi/Desktop/bakal/IMG/329_328.0.jpg,328.0
/home/pi/Desktop/bakal/IMG/330_328.0.jpg,328.0
/home/pi/Desktop/bakal/IMG/331_328.0.jpg,328.0
/home/pi/Desktop/bakal/IMG/332_328.0.jpg,328.0
/home/pi/Desktop/bakal/IMG/333_328.0.jpg,328.0
/home/pi/Desktop/bakal/IMG/334_328.0.jpg,328.0
/home/pi/Desktop/bakal/IMG/335_328.0.jpg,328.0
/home/pi/Desktop/bakal/IMG/336_328.0.jpg,328.0
/home/pi/Desktop/bakal/IMG/337_329.0.jpg,329.0
/home/pi/Desktop/bakal/IMG/338_328.0.jpg,328.0
/home/pi/Desktop/bakal/IMG/339_328.0.jpg,328.0
/home/pi/Desktop/bakal/IMG/340_328.0.jpg,328.0
/home/pi/Desktop/bakal/IMG/341_327.0.jpg,327.0
/home/pi/Desktop/bakal/IMG/342_132.0.jpg,132.0
/home/pi/Desktop/bakal/IMG/343_0.0.jpg,0.0
/home/pi/Desktop/bakal/IMG/344_869.0.jpg,869.0
/home/pi/Desktop/bakal/IMG/345_882.0.jpg,882.0
/home/pi/Desktop/bakal/IMG/346_901.0.jpg,901.0
/home/pi/Desktop/bakal/IMG/347_924.0.jpg,924.0
/home/pi/Desktop/bakal/IMG/348_980.0.jpg,980.0
/home/pi/Desktop/bakal/IMG/349_1023.0.jpg,1023.0
/home/pi/Desktop/bakal/IMG/350_1023.0.jpg,1023.0
/home/pi/Desktop/bakal/IMG/351_653.0.jpg,653.0
/home/pi/Desktop/bakal/IMG/352_411.0.jpg,411.0
/home/pi/Desktop/bakal/IMG/353_125.0.jpg,125.0
/home/pi/Desktop/bakal/IMG/354_19.0.jpg,19.0
/home/pi/Desktop/bakal/IMG/355_454.0.jpg,454.0
/home/pi/Desktop/bakal/IMG/356_721.0.jpg,721.0
/home/pi/Desktop/bakal/IMG/357_852.0.jpg,852.0
/home/pi/Desktop/bakal/IMG/358_1023.0.jpg,1023.0
/home/pi/Desktop/bakal/IMG/359_1023.0.jpg,1023.0
/home/pi/Desktop/bakal/IMG/360_1023.0.jpg,1023.0
/home/pi/Desktop/bakal/IMG/361_1023.0.jpg,1023.0
/home/pi/Desktop/bakal/IMG/362_1000.0.jpg,1000.0
/home/pi/Desktop/bakal/IMG/363_754.0.jpg,754.0
/home/pi/Desktop/bakal/IMG/364_283.0.jpg,283.0
/home/pi/Desktop/bakal/IMG/365_179.0.jpg,179.0
/home/pi/Desktop/bakal/IMG/366_579.0.jpg,579.0
/home/pi/Desktop/bakal/IMG/367_797.0.jpg,797.0
/home/pi/Desktop/bakal/IMG/368_992.0.jpg,992.0
/home/pi/Desktop/bakal/IMG/369_1023.0.jpg,1023.0
/home/pi/Desktop/bakal/IMG/370_1023.0.jpg,1023.0
/home/pi/Desktop/bakal/IMG/371_972.0.jpg,972.0
/home/pi/Desktop/bakal/IMG/372_755.0.jpg,755.0
/home/pi/Desktop/bakal/IMG/373_582.0.jpg,582.0
/home/pi/Desktop/bakal/IMG/374_416.0.jpg,416.0
/home/pi/Desktop/bakal/IMG/375_68.0.jpg,68.0
/home/pi/Desktop/bakal/IMG/376_2.0.jpg,2.0
/home/pi/Desktop/bakal/IMG/377_366.0.jpg,366.0
/home/pi/Desktop/bakal/IMG/378_575.0.jpg,575.0
/home/pi/Desktop/bakal/IMG/379_737.0.jpg,737.0
/home/pi/Desktop/bakal/IMG/380_889.0.jpg,889.0
/home/pi/Desktop/bakal/IMG/381_1005.0.jpg,1005.0
/home/pi/Desktop/bakal/IMG/382_880.0.jpg,880.0
/home/pi/Desktop/bakal/IMG/383_880.0.jpg,880.0
/home/pi/Desktop/bakal/IMG/384_880.0.jpg,880.0
/home/pi/Desktop/bakal/IMG/385_880.0.jpg,880.0
/home/pi/Desktop/bakal/IMG/386_880.0.jpg,880.0
/home/pi/Desktop/bakal/IMG/387_880.0.jpg,880.0
/home/pi/Desktop/bakal/IMG/388_880.0.jpg,880.0
/home/pi/Desktop/bakal/IMG/389_880.0.jpg,880.0
/home/pi/Desktop/bakal/IMG/390_881.0.jpg,881.0
/home/pi/Desktop/bakal/IMG/391_880.0.jpg,880.0
/home/pi/Desktop/bakal/IMG/392_880.0.jpg,880.0
/home/pi/Desktop/bakal/IMG/393_880.0.jpg,880.0
/home/pi/Desktop/bakal/IMG/394_880.0.jpg,880.0
/home/pi/Desktop/bakal/IMG/395_880.0.jpg,880.0
/home/pi/Desktop/bakal/IMG/396_881.0.jpg,881.0
/home/pi/Desktop/bakal/IMG/397_881.0.jpg,881.0
/home/pi/Desktop/bakal/IMG/398_884.0.jpg,884.0
/home/pi/Desktop/bakal/IMG/399_881.0.jpg,881.0
/home/pi/Desktop/bakal/IMG/400_880.0.jpg,880.0
/home/pi/Desktop/bakal/IMG/401_915.0.jpg,915.0
/home/pi/Desktop/bakal/IMG/402_1023.0.jpg,1023.0
/home/pi/Desktop/bakal/IMG/403_691.0.jpg,691.0
/home/pi/Desktop/bakal/IMG/404_372.0.jpg,372.0
/home/pi/Desktop/bakal/IMG/405_188.0.jpg,188.0
/home/pi/Desktop/bakal/IMG/406_130.0.jpg,130.0
/home/pi/Desktop/bakal/IMG/407_434.0.jpg,434.0
/home/pi/Desktop/bakal/IMG/408_806.0.jpg,806.0
/home/pi/Desktop/bakal/IMG/409_981.0.jpg,981.0
/home/pi/Desktop/bakal/IMG/410_1023.0.jpg,1023.0
/home/pi/Desktop/bakal/IMG/411_1023.0.jpg,1023.0
/home/pi/Desktop/bakal/IMG/412_1023.0.jpg,1023.0
/home/pi/Desktop/bakal/IMG/413_1023.0.jpg,1023.0
/home/pi/Desktop/bakal/IMG/414_1023.0.jpg,1023.0
/home/pi/Desktop/bakal/IMG/415_1023.0.jpg,1023.0
/home/pi/Desktop/bakal/IMG/416_1023.0.jpg,1023.0
/home/pi/Desktop/bakal/IMG/417_1023.0.jpg,1023.0
/home/pi/Desktop/bakal/IMG/418_1023.0.jpg,1023.0
/home/pi/Desktop/bakal/IMG/419_920.0.jpg,920.0
/home/pi/Desktop/bakal/IMG/420_431.0.jpg,431.0
/home/pi/Desktop/bakal/IMG/421_184.0.jpg,184.0
/home/pi/Desktop/bakal/IMG/422_5.0.jpg,5.0
/home/pi/Desktop/bakal/IMG/423_403.0.jpg,403.0
/home/pi/Desktop/bakal/IMG/424_551.0.jpg,551.0
/home/pi/Desktop/bakal/IMG/425_784.0.jpg,784.0
/home/pi/Desktop/bakal/IMG/426_872.0.jpg,872.0
/home/pi/Desktop/bakal/IMG/427_922.0.jpg,922.0
/home/pi/Desktop/bakal/IMG/428_961.0.jpg,961.0
/home/pi/Desktop/bakal/IMG/429_987.0.jpg,987.0
/home/pi/Desktop/bakal/IMG/430_996.0.jpg,996.0
/home/pi/Desktop/bakal/IMG/431_944.0.jpg,944.0
/home/pi/Desktop/bakal/IMG/432_768.0.jpg,768.0
/home/pi/Desktop/bakal/IMG/433_576.0.jpg,576.0
/home/pi/Desktop/bakal/IMG/434_436.0.jpg,436.0
/home/pi/Desktop/bakal/IMG/435_372.0.jpg,372.0
/home/pi/Desktop/bakal/IMG/436_292.0.jpg,292.0
/home/pi/Desktop/bakal/IMG/437_233.0.jpg,233.0
/home/pi/Desktop/bakal/IMG/438_295.0.jpg,295.0
/home/pi/Desktop/bakal/IMG/439_514.0.jpg,514.0
/home/pi/Desktop/bakal/IMG/440_723.0.jpg,723.0
/home/pi/Desktop/bakal/IMG/441_900.0.jpg,900.0
/home/pi/Desktop/bakal/IMG/442_1006.0.jpg,1006.0
/home/pi/Desktop/bakal/IMG/443_1023.0.jpg,1023.0
/home/pi/Desktop/bakal/IMG/444_1023.0.jpg,1023.0
/home/pi/Desktop/bakal/IMG/445_981.0.jpg,981.0
/home/pi/Desktop/bakal/IMG/446_1023.0.jpg,1023.0
/home/pi/Desktop/bakal/IMG/447_698.0.jpg,698.0
/home/pi/Desktop/bakal/IMG/448_323.0.jpg,323.0
/home/pi/Desktop/bakal/IMG/449_52.0.jpg,52.0
/home/pi/Desktop/bakal/IMG/450_0.0.jpg,0.0
/home/pi/Desktop/bakal/IMG/451_275.0.jpg,275.0
/home/pi/Desktop/bakal/IMG/452_625.0.jpg,625.0
/home/pi/Desktop/bakal/IMG/453_955.0.jpg,955.0
/home/pi/Desktop/bakal/IMG/454_1023.0.jpg,1023.0
/home/pi/Desktop/bakal/IMG/455_1023.0.jpg,1023.0
/home/pi/Desktop/bakal/IMG/456_1023.0.jpg,1023.0
/home/pi/Desktop/bakal/IMG/457_1023.0.jpg,1023.0
/home/pi/Desktop/bakal/IMG/458_1023.0.jpg,1023.0
/home/pi/Desktop/bakal/IMG/459_1023.0.jpg,1023.0
/home/pi/Desktop/bakal/IMG/460_1023.0.jpg,1023.0
/home/pi/Desktop/bakal/IMG/461_1023.0.jpg,1023.0
/home/pi/Desktop/bakal/IMG/462_1023.0.jpg,1023.0
/home/pi/Desktop/bakal/IMG/463_1023.0.jpg,1023.0
/home/pi/Desktop/bakal/IMG/464_1023.0.jpg,1023.0
/home/pi/Desktop/bakal/IMG/465_1023.0.jpg,1023.0
/home/pi/Desktop/bakal/IMG/466_1023.0.jpg,1023.0
/home/pi/Desktop/bakal/IMG/467_1023.0.jpg,1023.0
/home/pi/Desktop/bakal/IMG/468_1023.0.jpg,1023.0
/home/pi/Desktop/bakal/IMG/469_1023.0.jpg,1023.0
/home/pi/Desktop/bakal/IMG/470_1023.0.jpg,1023.0
/home/pi/Desktop/bakal/IMG/471_1023.0.jpg,1023.0
/home/pi/Desktop/bakal/IMG/472_1023.0.jpg,1023.0
/home/pi/Desktop/bakal/IMG/473_1023.0.jpg,1023.0
/home/pi/Desktop/bakal/IMG/474_1023.0.jpg,1023.0
/home/pi/Desktop/bakal/IMG/475_1023.0.jpg,1023.0
/home/pi/Desktop/bakal/IMG/476_1023.0.jpg,1023.0
/home/pi/Desktop/bakal/IMG/477_1023.0.jpg,1023.0
/home/pi/Desktop/bakal/IMG/478_911.0.jpg,911.0
/home/pi/Desktop/bakal/IMG/479_355.0.jpg,355.0
/home/pi/Desktop/bakal/IMG/480_71.0.jpg,71.0
/home/pi/Desktop/bakal/IMG/481_0.0.jpg,0.0
/home/pi/Desktop/bakal/IMG/482_515.0.jpg,515.0
/home/pi/Desktop/bakal/IMG/483_903.0.jpg,903.0
/home/pi/Desktop/bakal/IMG/484_1023.0.jpg,1023.0
/home/pi/Desktop/bakal/IMG/485_1023.0.jpg,1023.0
/home/pi/Desktop/bakal/IMG/486_864.0.jpg,864.0
/home/pi/Desktop/bakal/IMG/487_1023.0.jpg,1023.0
/home/pi/Desktop/bakal/IMG/488_1023.0.jpg,1023.0
/home/pi/Desktop/bakal/IMG/489_1023.0.jpg,1023.0
/home/pi/Desktop/bakal/IMG/490_1023.0.jpg,1023.0
/home/pi/Desktop/bakal/IMG/491_1023.0.jpg,1023.0
/home/pi/Desktop/bakal/IMG/492_1023.0.jpg,1023.0
/home/pi/Desktop/bakal/IMG/493_1023.0.jpg,1023.0
/home/pi/Desktop/bakal/IMG/494_1013.0.jpg,1013.0
/home/pi/Desktop/bakal/IMG/495_490.0.jpg,490.0
/home/pi/Desktop/bakal/IMG/496_76.0.jpg,76.0
/home/pi/Desktop/bakal/IMG/497_0.0.jpg,0.0
/home/pi/Desktop/bakal/IMG/498_775.0.jpg,775.0
/home/pi/Desktop/bakal/IMG/499_1023.0.jpg,1023.0
/home/pi/Desktop/bakal/IMG/500_1023.0.jpg,1023.0
/home/pi/Desktop/bakal/IMG/501_1023.0.jpg,1023.0
/home/pi/Desktop/bakal/IMG/502_1023.0.jpg,1023.0
/home/pi/Desktop/bakal/IMG/503_1023.0.jpg,1023.0
/home/pi/Desktop/bakal/IMG/504_1023.0.jpg,1023.0
/home/pi/Desktop/bakal/IMG/505_956.0.jpg,956.0
/home/pi/Desktop/bakal/IMG/506_481.0.jpg,481.0
/home/pi/Desktop/bakal/IMG/507_158.0.jpg,158.0
/home/pi/Desktop/bakal/IMG/508_0.0.jpg,0.0
/home/pi/Desktop/bakal/IMG/509_0.0.jpg,0.0
/home/pi/Desktop/bakal/IMG/510_334.0.jpg,334.0
/home/pi/Desktop/bakal/IMG/511_593.0.jpg,593.0
/home/pi/Desktop/bakal/IMG/512_893.0.jpg,893.0
/home/pi/Desktop/bakal/IMG/513_910.0.jpg,910.0
/home/pi/Desktop/bakal/IMG/514_580.0.jpg,580.0
/home/pi/Desktop/bakal/IMG/515_439.0.jpg,439.0
/home/pi/Desktop/bakal/IMG/516_232.0.jpg,232.0
/home/pi/Desktop/bakal/IMG/517_194.0.jpg,194.0
/home/pi/Desktop/bakal/IMG/518_703.0.jpg,703.0
/home/pi/Desktop/bakal/IMG/519_832.0.jpg,832.0
/home/pi/Desktop/bakal/IMG/520_975.0.jpg,975.0
/home/pi/Desktop/bakal/IMG/521_1002.0.jpg,1002.0
/home/pi/Desktop/bakal/IMG/522_996.0.jpg,996.0
/home/pi/Desktop/bakal/IMG/523_830.0.jpg,830.0
/home/pi/Desktop/bakal/IMG/524_568.0.jpg,568.0
/home/pi/Desktop/bakal/IMG/525_861.0.jpg,861.0
/home/pi/Desktop/bakal/IMG/526_1010.0.jpg,1010.0
/home/pi/Desktop/bakal/IMG/527_805.0.jpg,805.0
/home/pi/Desktop/bakal/IMG/528_617.0.jpg,617.0
/home/pi/Desktop/bakal/IMG/529_617.0.jpg,617.0
/home/pi/Desktop/bakal/IMG/530_617.0.jpg,617.0
/home/pi/Desktop/bakal/IMG/531_617.0.jpg,617.0
/home/pi/Desktop/bakal/IMG/532_617.0.jpg,617.0
/home/pi/Desktop/bakal/IMG/533_617.0.jpg,617.0
/home/pi/Desktop/bakal/IMG/534_617.0.jpg,617.0
/home/pi/Desktop/bakal/IMG/535_617.0.jpg,617.0
/home/pi/Desktop/bakal/IMG/536_617.0.jpg,617.0
/home/pi/Desktop/bakal/IMG/537_617.0.jpg,617.0
/home/pi/Desktop/bakal/IMG/538_617.0.jpg,617.0
/home/pi/Desktop/bakal/IMG/539_617.0.jpg,617.0
/home/pi/Desktop/bakal/IMG/540_617.0.jpg,617.0
/home/pi/Desktop/bakal/IMG/541_617.0.jpg,617.0
/home/pi/Desktop/bakal/IMG/542_617.0.jpg,617.0
/home/pi/Desktop/bakal/IMG/543_617.0.jpg,617.0
/home/pi/Desktop/bakal/IMG/544_617.0.jpg,617.0
/home/pi/Desktop/bakal/IMG/545_520.0.jpg,520.0
/home/pi/Desktop/bakal/IMG/546_256.0.jpg,256.0
/home/pi/Desktop/bakal/IMG/547_252.0.jpg,252.0
/home/pi/Desktop/bakal/IMG/548_723.0.jpg,723.0
/home/pi/Desktop/bakal/IMG/549_915.0.jpg,915.0
/home/pi/Desktop/bakal/IMG/550_1023.0.jpg,1023.0
/home/pi/Desktop/bakal/IMG/551_1023.0.jpg,1023.0
/home/pi/Desktop/bakal/IMG/552_1023.0.jpg,1023.0
/home/pi/Desktop/bakal/IMG/553_1023.0.jpg,1023.0
/home/pi/Desktop/bakal/IMG/554_662.0.jpg,662.0
/home/pi/Desktop/bakal/IMG/555_377.0.jpg,377.0
/home/pi/Desktop/bakal/IMG/556_190.0.jpg,190.0
/home/pi/Desktop/bakal/IMG/557_171.0.jpg,171.0
/home/pi/Desktop/bakal/IMG/558_53.0.jpg,53.0
/home/pi/Desktop/bakal/IMG/559_349.0.jpg,349.0
/home/pi/Desktop/bakal/IMG/560_588.0.jpg,588.0
/home/pi/Desktop/bakal/IMG/561_719.0.jpg,719.0
/home/pi/Desktop/bakal/IMG/562_845.0.jpg,845.0
/home/pi/Desktop/bakal/IMG/563_939.0.jpg,939.0
/home/pi/Desktop/bakal/IMG/564_1023.0.jpg,1023.0
/home/pi/Desktop/bakal/IMG/565_1023.0.jpg,1023.0
/home/pi/Desktop/bakal/IMG/566_534.0.jpg,534.0
/home/pi/Desktop/bakal/IMG/567_265.0.jpg,265.0
/home/pi/Desktop/bakal/IMG/568_795.0.jpg,795.0
/home/pi/Desktop/bakal/IMG/569_1015.0.jpg,1015.0
/home/pi/Desktop/bakal/IMG/570_1023.0.jpg,1023.0
/home/pi/Desktop/bakal/IMG/571_1011.0.jpg,1011.0
/home/pi/Desktop/bakal/IMG/572_842.0.jpg,842.0
/home/pi/Desktop/bakal/IMG/573_828.0.jpg,828.0
/home/pi/Desktop/bakal/IMG/574_950.0.jpg,950.0
/home/pi/Desktop/bakal/IMG/575_964.0.jpg,964.0
/home/pi/Desktop/bakal/IMG/576_967.0.jpg,967.0
/home/pi/Desktop/bakal/IMG/577_608.0.jpg,608.0
/home/pi/Desktop/bakal/IMG/578_209.0.jpg,209.0
/home/pi/Desktop/bakal/IMG/579_0.0.jpg,0.0
